Country,th_10,th_15,th_20,th_25,th_30,th_50,th_75,loss_10,loss_15,loss_20,loss_25,loss_30,loss_50,loss_75
Afghanistan,432114.7091,302659.7279,284357.4226,254866.6456,205791.2472,148429.7692,75486.17231,1849,1815,1787,1782,1775,1373,584
Akrotiri and Dhekelia,1216.490544,874.9733938,759.8384176,523.8627157,455.937566,335.8207977,185.406779,35,34,34,33,33,30,21
Albania,838912.4331,776882.3617,753090.2099,706652.1025,648680.1077,534847.789,363824.3228,35834,35433,35139,34636,34234,31117,24460
Algeria,1690457.69,1472053.918,1419825.77,1316668.161,1223620.232,895575.1833,496665.7606,109674,105989,104309,102468,100241,78318,45202
American Samoa,0,0,0,0,0,0,0,0,0,0,0,0,0,0
Andorra,20720.37392,19989.06276,19750.30949,19349.85443,19003.92345,16889.31894,13314.21418,63,63,63,62,62,57,42
Angola,95951382.89,82808320.07,65957912.88,63356653.83,55315324.47,31934712.84,3787967.269,3098710,2931043,2483853,2418362,2169345,1339217,297061
Anguilla,2894.712508,2738.565699,2571.45047,2356.842188,2125.767403,1371.897402,506.9353246,50,49,47,46,45,25,9
Antarctica,0,0,0,0,0,0,0,0,0,0,0,0,0,0
Antigua and Barbuda,21229.0338,20626.9963,20238.25035,19810.81654,19323.34434,17271.39734,13990.33986,506,504,501,501,499,477,414
Argentina,43380536.87,42376954.44,41252923.66,40144115.83,39086979.34,23116356.32,10594206.9,5557071,5490362,5443130,5414557,5365943,3517927,1572703
Armenia,384081.6474,365441.0731,357616.9423,346599.4736,336842.0346,294622.3744,224841.1529,2088,2062,2052,2042,2033,1904,1577
Aruba,215.6339376,139.8731783,110.2602484,41.4124983,24.95241083,16.38451678,11.80012968,3,3,3,2,2,2,1
Australia,65957075.2,57579747.22,48248730.48,46665870.33,42309947.78,25737010.48,17788719.98,5048674,4973130,4552655,4453991,3961397,2177534,1680229
Austria,4515679.842,4443049.651,4417529.166,4389130.397,4336043.064,4114724.114,3394268.977,244961,244707,244550,244389,244221,241324,223292
Azerbaijan,1488960.302,1428540.018,1389911.831,1330925.385,1268610.33,1113390.564,819515.0268,7606,7451,7391,7342,7279,6512,4668
Bahamas,357635.9172,339972.979,327746.6856,314078.3524,303575.4214,256960.323,199495.0864,16836,16585,16320,16089,15936,14640,12609
Bahrain,0.069206953,0.069206953,0,0,0,0,0,0,0,0,0,0,0,0
Bangladesh,2683537.655,2304895.764,2216782.36,2097667.628,1959818.374,1541727.461,696707.3231,115027,111701,110868,110325,106865,99652,67357
Barbados,6068.441528,5759.857735,5589.571121,5432.698235,5229.736145,4618.751619,3592.646234,300,296,292,288,283,253,202
Belarus,9653862.884,9455125.093,9363933.719,9256622.665,9106663.592,8373066.376,5791196.202,607660,606168,605401,604664,603596,587306,483702
Belgium,972706.6072,927598.5212,913584.869,892225.9478,865425.8356,778289.4015,576914.1846,75832,75651,75561,75471,75369,73968,66251
Belize,1776900.647,1768312.207,1761508.417,1754439.157,1748274.973,1710653.316,1643082.136,189763,189627,189501,189400,189258,187746,182669
Benin,8884305.234,4564313.186,834666.5979,605231.0602,168568.2499,9000.24776,841.2478527,458644,269723,78590,63638,34180,6855,795
Bermuda,713.0117949,679.2676505,658.4462435,639.7137907,604.7941316,436.8502926,260.5505242,7,7,7,7,7,6,5
Bhutan,2679172.457,2633400.157,2624343.478,2612860.046,2577234.531,2366473.295,1664055.165,17292,16998,16911,16777,16565,14753,9482
Bolivia,66486470.33,66012920.76,65454398.37,65004988.3,64521463.96,57489600.35,47837880.74,4099468,4091950,4082865,4076540,4067419,3853633,3142419
"Bonaire, Sint Eustatius and Saba",3191.474521,2996.209824,2738.564739,2597.284072,2432.087019,1758.782649,1269.463313,55,54,54,53,52,49,43
Bosnia and Herzegovina,2899800.613,2814443.275,2777230.925,2730524.134,2657977.371,2477204.153,2054725.117,26171,25613,25431,25124,24825,23023,18067
Botswana,2410472.479,562900.095,102704.6584,54069.65981,20328.48326,1277.889159,22.16880429,6107,3812,1239,1014,501,49,3
Bouvet Island,0,0,0,0,0,0,0,0,0,0,0,0,0,0
Brazil,548443421.7,541492405.5,532402419.6,526622625.4,519187505.2,475688329.3,429233680.8,47686038,47401923,47030154,46750546,46369255,42134699,35912089
British Indian Ocean Territory,0,0,0,0,0,0,0,0,0,0,0,0,0,0
British Virgin Islands,8484.994947,8163.536762,7962.900939,7738.286814,7463.880884,6855.87422,5852.644052,63,63,63,63,63,61,55
Brunei,533981.2113,532320.708,531386.7128,530680.8419,529338.8977,523735.817,507844.3722,24741,24671,24624,24592,24527,24158,22510
Bulgaria,4461216.482,4376912.007,4323225.54,4247843.204,4138948.34,3858690.9,3198279.738,103115,102747,102545,102306,102001,99203,88096
Burkina Faso,3213894.85,314253.8693,3733.775993,1120.902595,132.1084525,5.661285328,0,205959,22579,1255,586,131,6,0
Burundi,2278905.422,1979504.966,921489.9853,836032.5728,537776.2038,140710.331,21996.51305,32880,31853,25660,24693,20640,9814,1240
Cambodia,10198761.85,9651905.467,9444201.769,9161044.021,8810198.041,7482671.665,5842945.779,2041754,2006386,1990663,1967168,1939453,1781693,1416727
Cameroon,41716440.28,39994162.8,35158677.42,34255064.54,31459331,25260677.41,17481726.59,1002252,986763,931697,922416,893557,790378,420897
Canada,469568054.8,448824141.8,437098734.5,431009884.4,418066969.3,324180950.6,216719268.9,37516784,37198988,36846956,36605208,36012931,29283429,22306509
Cape Verde,10823.26577,9409.539081,8009.167205,7867.088794,7355.953906,3744.170664,2432.739308,158,137,110,107,100,87,69
Caspian Sea,194057.8263,182828.6995,170508.6094,162693.2021,141764.4968,92180.14157,40301.72156,571,559,543,501,426,193,93
Cayman Islands,14729.26734,14285.34654,13929.19181,13686.3454,13458.3907,12395.01142,9995.183272,391,387,382,378,372,321,212
Central African Republic,59989297.52,57551160.46,52862072.09,51730588.17,47076844.28,30770591.31,6875513.06,704293,695646,669678,662497,634385,501674,229730
Chad,12841236.74,4827681.167,1200859.573,962424.4528,409749.2184,7270.004353,53.75800211,542045,383210,106996,77720,27734,1139,47
Chile,20639725.54,20339357.7,19949633.99,19588690.97,19287066.43,17815814.52,14205541.36,1678208,1672649,1666940,1663208,1658745,1610615,1517087
China,189014081.1,179441169.2,175547018,170164178.1,162739064.4,131366656.7,61891727.29,8562107,8450270,8386127,8302835,8205212,7448452,4737079
Christmas Island,0,0,0,0,0,0,0,0,0,0,0,0,0,0
Clipperton Island,0,0,0,0,0,0,0,0,0,0,0,0,0,0
Cocos Islands,0,0,0,0,0,0,0,0,0,0,0,0,0,0
Colombia,84482106.28,83621361.67,82904006.43,82449764.08,81781025.75,78295179.71,72170680.23,3320396,3313592,3305655,3299457,3290324,3210503,2957722
Comoros,158382.5096,156703.8259,144652.9882,140901.3372,134784.166,105958.7226,69013.20557,4983,4972,4809,4718,4569,3383,1519
Cook Islands,0,0,0,0,0,0,0,0,0,0,0,0,0,0
Costa Rica,4105281.057,4046803.995,3994046.949,3960009.259,3913049.092,3684714.859,3118550.739,201482,200922,200230,199747,199008,191280,166464
Croatia,2691395.876,2613401.059,2570372.174,2517744.708,2431307.001,2228569.27,1888964.265,58948,57721,57143,56675,56188,52072,46595
Cuba,4401512.9,4277158.911,4188617.316,4115595.437,4014607.344,3617393.566,2878343.538,262374,260974,259516,258476,256843,242158,204573
Curaçao,7535.954051,6911.511168,6320.15683,5844.05592,5260.667768,1939.999628,500.6451456,53,50,48,47,44,23,14
Cyprus,153579.0378,132249.6213,124799.2695,103113.2277,89657.93338,53668.97463,20060.93308,2692,2478,2371,2251,2119,1487,786
Czech Republic,3241714.468,3181651.539,3152385.122,3122733.496,3078239.305,2877792.859,2233332.225,218152,217759,217538,217357,217090,213267,183914
Côte d'Ivoire,30924772.99,27248335.5,18910349.44,17992977.07,14872640.2,6357504.564,511082.7022,2761435,2651598,2342816,2291597,2101386,1374049,163865
Democratic Republic of the Congo,227683906.6,226087782.9,214373401.6,211285429,199224308.2,164361629.7,119049200.8,10815839,10797876,10679092,10647990,10522673,9839791,7497861
Denmark,762417.4794,718498.4367,703291.1649,689182.0765,663203.784,561142.9468,310525.8395,68128,67882,67750,67637,67465,65433,54254
Djibouti,12.50681197,2.185092407,0.075224553,0.075224553,0.075224553,0.075224553,0,0,0,0,0,0,0,0
Dominica,71865.58105,71486.83283,71257.22728,71083.67348,70924.82619,70127.06962,66999.26362,753,752,752,751,751,747,731
Dominican Republic,2863286.159,2771296.428,2696044.279,2642529.688,2576426.321,2236241.474,1774345.357,259756,257888,256304,255006,253273,236449,197300
Ecuador,19807389.05,19574857.14,19378336.45,19234432.52,19065845.08,17951244.47,15877716.81,686030,684530,682818,681573,679837,662065,609153
Egypt,952015.4812,898311.3823,452595.4977,387157.5372,154304.2547,14627.84672,623.7336736,3344,3068,2190,2062,1589,726,131
El Salvador,1127098.846,1092796.335,1052471.122,1024832.647,988823.0838,801728.5831,470780.892,68650,68261,67742,67388,66938,59916,35432
Equatorial Guinea,2667095.22,2664656.385,2659670.878,2658359.465,2654594.902,2633383.986,2447617.276,88917,88835,88585,88512,88233,86465,71028
Eritrea,1421.233321,445.2730787,28.27002259,11.2834853,4.607613199,2.380659676,1.562248688,17,4,3,3,3,2,2
Estonia,2780313.584,2722507.072,2695260.719,2670725.597,2639428.158,2465464.706,1956967.348,322050,321717,321541,321387,321189,318667,296039
Ethiopia,31135077.74,25291732.39,16513114.2,15478476.35,12040336.38,5425719.976,2039861.861,437656,420839,370274,361757,329908,204754,88944
Falkland Islands,3838.595375,3648.136419,2979.892618,2779.391934,2188.357468,1065.761309,136.5996096,0,0,0,0,0,0,0
Faroe Islands,0,0,0,0,0,0,0,0,0,0,0,0,0,0
Fiji,1713017.191,1707001.367,1656992.31,1638130.88,1617794.501,1454215.232,1266130.684,36908,36849,36377,36250,36039,34482,30219
Finland,22796065.3,22256212.89,22134168.3,21939049.56,21627650.23,18308142.22,10425927.84,2716679,2711942,2710027,2708521,2706320,2654597,2272168
France,18354636.91,17831168.3,17581725.81,17254573.45,16783020.19,15270417.04,11568535.32,939581,933654,930159,926774,922946,877231,726209
French Guiana,8170479.07,8168548.894,8166630.465,8164372.024,8162751.469,8153381.702,8131836.192,60987,60955,60925,60888,60858,60596,59831
French Polynesia,0,0,0,0,0,0,0,0,0,0,0,0,0,0
French Southern Territories,89.80909289,88.22557462,80.30794038,75.78350451,71.63610312,59.64652825,28.12653793,8,7,7,7,6,6,6
Gabon,25910334.34,25573906.74,25062630.28,24969613.24,24690965.71,24158394.97,23070299.33,350443,349638,346669,345742,342017,327311,276723
Gambia,453840.2328,192781.265,30468.62557,20792.19368,4562.45665,37.16494196,1.34727318,14501,7882,1962,1533,625,17,1
Georgia,3369286.736,3289879.258,3253559.624,3216329.724,3144573.092,2956338.053,2500618.736,9666,9597,9556,9529,9492,9109,7781
Germany,13445852.21,13058890.18,12915618.04,12729806.13,12526554.27,11706933.35,9189487.144,563901,562503,561725,561154,560477,550114,489775
Ghana,18330610.69,13282023.9,8230695.031,7919664.961,6955668.346,4253663.003,207294.3789,1091628,1016434,888413,873525,819923,593490,57867
Gibraltar,138.2690328,126.5328207,125.5339684,120.540126,119.8535095,99.81549407,63.36019605,0,0,0,0,0,0,0
Greece,4767471.531,4430426.267,4303498.254,3982814.076,3672496.621,2960493.316,2115634.385,173794,169800,167270,162964,159279,136137,98857
Greenland,302.7743481,272.3186076,254.4017809,249.6696352,228.1125262,99.33775713,1.819989958,0,0,0,0,0,0,0
Grenada,29553.14617,29188.76315,28970.69094,28769.99524,28534.39673,27654.02679,24553.2267,1526,1524,1523,1522,1521,1508,1430
Guadeloupe,100979.4299,98528.3945,97254.77604,96125.91648,94757.79386,90174.98226,81786.06676,2420,2394,2376,2362,2342,2210,1825
Guam,0,0,0,0,0,0,0,0,0,0,0,0,0,0
Guatemala,8273453.603,8108011.648,7949440.963,7822918.356,7693456.322,6951962.831,5756629.988,1251268,1248978,1246433,1244407,1241419,1201449,1052061
Guernsey,2116.94441,1872.698669,1765.762793,1650.707242,1508.204996,1154.715065,465.0782041,4,4,4,4,4,3,2
Guinea,22567097.94,19376714.93,12426850.78,11347596.38,8159637.372,2155937.691,182015.12,1347712,1292444,1120778,1080068,907371,313139,19739
Guinea-Bissau,2909283.155,2693559.011,1677844.778,1503919.807,1069848.463,314210.479,3468.844845,179644,176602,143492,135301,111240,46633,1187
Guyana,19068840.92,19051730.8,19030637.47,19010115.21,18996031.44,18900465.27,18768613.75,151907,151828,151727,151609,151532,150533,148363
Haiti,1073320.774,1010106.796,950111.2719,907106.5302,858466.3059,657383.0795,433472.6107,56428,55915,55313,54876,54288,48287,36245
Heard Island and McDonald Islands,0,0,0,0,0,0,0,0,0,0,0,0,0,0
Honduras,8440306.182,8254434.059,8047225.355,7883572.329,7740482.354,6696598.125,5266739.826,834786,832374,829336,826801,824077,783176,679358
Hong Kong,68819.71528,66553.82729,65393.31379,63968.39446,62046.25276,52269.4558,28031.67712,358,348,340,334,328,271,146
Hungary,2221571.017,2151118.255,2112581.052,2063968.152,1990161.219,1797831.376,1427116.579,161858,161370,160983,160507,159943,155305,137716
Iceland,0,0,0,0,0,0,0,0,0,0,0,0,0,0
India,49071700.26,44937294.34,43684630.16,41719196.5,38813138.45,30450063.06,16782932.13,1426811,1400565,1387451,1371047,1351428,1207020,792847
Indonesia,165441765.6,163976716.7,163119604.9,162218886.1,160974919.4,155385645.5,141185875.8,23256102,23207392,23161686,23133003,23086723,22724210,20921934
Iran,1999538.728,1894537.425,1851258.353,1800731.879,1731671.419,1545482.986,999614.3849,3707,3631,3580,3534,3498,2968,1536
Iraq,38464.48537,29514.16098,25194.43363,20020.91832,17504.19422,6658.027203,817.8371807,164,152,141,137,136,95,45
Ireland,1105935.201,957520.3306,905022.3982,874878.4474,841570.7697,638979.238,289901.7931,102162,101383,101160,100665,100317,95439,76120
Isle of Man,16371.94577,14587.22324,14128.68829,13758.82627,13217.05856,10278.59466,4798.141054,343,341,339,338,336,313,223
Israel,49530.91754,42384.52074,39421.10406,32882.41719,29485.28522,18035.33451,7684.413341,2790,2635,2518,2389,2319,1780,970
Italy,10448895.34,10152453.81,9989347.223,9702187.548,9318960.605,8382318.226,6479927.003,234427,232153,230477,228180,225925,209381,170400
Jamaica,808490.0034,794372.3357,784790.5422,777728.2651,768439.9916,729817.3383,654498.6062,41940,41803,41678,41591,41469,40318,36601
Japan,27277245.63,26886542.38,26733841.19,26559202.64,26387250.17,25597509.6,23385512.31,568042,566857,566024,565403,564793,557305,522604
Jersey,2094.011967,1834.381639,1753.860673,1664.516565,1549.970698,1236.757099,635.1675168,28,28,27,27,27,26,23
Jordan,3838.345025,3336.346282,3186.655223,2428.707696,2271.459741,1530.754312,457.1097349,8,7,7,6,6,3,0
Kazakhstan,5904025.501,5141876.434,4837354.975,4552736.452,4240316.035,3155280.71,1759705.072,62512,58513,56538,55763,54879,34214,19564
Kenya,11005205.6,7584333.202,4292245.203,3975188.326,3319482.42,1891471.278,963684.6437,397740,368844,315586,307823,287757,221033,137989
Kiribati,0,0,0,0,0,0,0,0,0,0,0,0,0,0
Kosovo,418802.7909,397598.2161,391018.1655,384027.4477,370224.0999,334617.8978,238729.9323,11877,11798,11760,11720,11656,11270,9972
Kuwait,0,0,0,0,0,0,0,0,0,0,0,0,0,0
Kyrgyzstan,1003712.134,840240.7113,793153.4804,727001.8024,674974.2564,430352.4494,208394.0664,2515,2436,2399,2345,2315,1913,1248
Laos,19789295.08,19545855.85,19430060.6,19305226.32,19118455.02,18114850.17,14490562.54,2414914,2395911,2384712,2374424,2361587,2247386,1752740
Latvia,3725906.757,3661863.738,3628576.959,3595300.942,3553506.981,3321041.554,2612533.593,550979,550326,549971,549689,549278,543522,501770
Lebanon,94449.3778,82552.58085,77790.15894,70888.19539,65235.10923,44020.18184,19095.42442,3618,3505,3385,3275,3214,2506,1376
Lesotho,111554.7821,62336.13191,14389.70531,11304.07241,6052.004266,522.0517598,24.26402305,253,221,125,111,75,17,1
Liberia,9541828.206,9518515.602,9446136.257,9433510.018,9384713.323,9055166.443,3611670.767,1124663,1124067,1121937,1121337,1118240,1076412,245789
Libya,24332.71153,15770.2188,13899.77579,7320.214482,6833.00933,1803.033113,247.7991376,471,359,316,265,257,92,16
Liechtenstein,9961.454599,9546.227019,9420.944306,9280.356825,9077.338,8196.650834,6214.1807,73,73,72,72,72,70,64
Lithuania,2447492.865,2407704.234,2387828.54,2366691.184,2335002.062,2177670.482,1647305.312,257285,256623,256391,256207,255904,251792,224336
Luxembourg,106222.6681,104333.7458,103505.0339,102678.5431,101326.3847,96722.27622,81750.88374,6140,6128,6120,6115,6108,6022,5474
Macao,504.3506097,464.801783,453.5221306,430.8906009,412.5431646,341.4323052,113.0264236,21,21,21,20,20,19,9
Macedonia,911219.5399,863642.6662,842948.1701,819488.1485,781683.1504,696105.457,536065.6113,34862,34609,34498,34265,34082,32753,28959
Madagascar,33190888.45,26503412.89,19454928.3,18656020.9,17141085.12,12241379.24,5863677.958,3052826,3010363,2866942,2837433,2755136,2281329,1075761
Malawi,7092809.825,4922072.364,2460636.951,2216086.609,1521821.461,313124.9273,16333.31495,218278,206275,165772,158947,133576,59383,5837
Malaysia,29777319.67,29658293.52,29575136.22,29522882.2,29421846.9,28968518.54,27241145.63,6834694,6825551,6817449,6812799,6804274,6747818,6426559
Maldives,6101.381933,6011.529156,5895.834749,5864.797352,5823.849728,4627.750131,2066.300996,64,64,63,63,63,60,49
Mali,8187013.133,1806917.235,151534.4742,101104.733,25097.99976,390.307041,47.42974108,236505,91615,12333,8375,2674,382,47
Malta,183.1994253,157.108383,146.848993,135.777038,124.0173983,91.35803116,50.49967152,14,13,13,13,13,10,8
Marshall Islands,0,0,0,0,0,0,0,0,0,0,0,0,0,0
Martinique,79062.23046,77286.25333,76256.38303,75484.07733,74649.67905,70991.98752,62862.41873,2571,2555,2544,2535,2524,2435,2102
Mauritania,64.91311009,42.09095094,36.48567851,35.67474182,33.31622286,16.1436288,0.147791567,48,41,36,36,33,16,0
Mauritius,148741.0897,136548.3198,89078.50844,83476.78799,71304.81705,50858.43841,29249.59101,4621,4456,3530,3387,3052,2339,1269
Mayotte,35376.0454,35140.03554,34222.13918,33980.13546,33577.05043,30547.30229,18864.70496,2032,2025,2000,1992,1977,1810,942
Mexico,63724561.71,60317278.06,57511256.87,55233133.73,53185271.1,42132451.69,29501004.24,3194475,3168958,3144844,3123914,3099532,2843954,2264176
Micronesia,6460.040942,6382.779111,6347.335334,6333.219076,6171.793639,6017.046336,5613.437715,77,77,77,77,77,75,72
Moldova,442590.5956,417393.1243,400123.2592,378197.6397,356011.7297,315736.26,211931.0332,5839,5750,5704,5647,5578,5143,3897
Monaco,2.181924764,1.398672566,1.174887507,0.50352427,0.391630013,0.055947243,0,0,0,0,0,0,0,0
Mongolia,6150013.34,5086888.082,4757436.56,4465766.989,4090464.399,1863042.971,308043.2629,450152,426828,413637,406885,397507,250451,97209
Montenegro,691830.3519,667036.1425,655020.8698,640140.398,616440.5123,550242.0475,419300.8938,13184,13010,12934,12794,12654,11599,8890
Montserrat,4884.092913,4780.253651,4712.179852,4653.622094,4582.527251,4290.256122,3528.174311,205,204,204,204,203,199,186
Morocco,1113056.334,891662.0369,822653.1069,722978.6876,648568.6234,436049.3601,210942.8253,35693,34015,33059,32348,31725,23719,12886
Mozambique,70942085.59,59489288.7,39859114.54,37162148.41,28917947.27,10493859.9,341593.0101,3255632,3195289,2866659,2789680,2518322,1303599,68480
Myanmar,45081506.32,44218973.8,43926415.26,43576683.88,42859651.12,39790019.46,27442261.02,2856371,2824116,2808500,2788803,2757895,2553807,1660195
Namibia,1583839.335,247025.0356,19645.60872,12577.56725,3835.279211,570.7154097,52.40305266,11922,8417,2984,2440,1207,347,44
Nauru,0,0,0,0,0,0,0,0,0,0,0,0,0,0
Nepal,5599956.42,5421025.994,5366019.305,5301044.952,5161040.905,4308185.598,2131919.949,42656,41706,41033,40596,40202,33190,20905
Netherlands,751843.7313,681541.0403,657430.1741,623886.0457,593051.6756,473967.024,285065.3573,19997,19870,19810,19754,19674,18692,14578
New Caledonia,1597788.551,1570237.781,1501657.573,1481552.338,1440330.36,1051340.957,725321.0377,19495,19386,18660,18484,18038,12425,6606
New Zealand,11608649.83,11527813.21,11447343.96,11385826.43,11282734.44,10820584.22,9383302.153,1007493,1007139,1006115,1005371,1004102,996618,963823
Nicaragua,8389068.037,8211339.983,8037769.542,7919891.937,7776806.696,7067161.757,5828861.34,1124398,1121257,1118091,1116023,1112871,1086210,1005336
Niger,24300.29288,607.4336207,12.31421092,9.011201252,2.328707245,0.450685813,0,103,28,7,5,1,0,0
Nigeria,42579111.23,26694185.26,13974174.42,12938577.54,10048732.02,4725124.779,315625.6912,1673933,1402993,819211,755824,567372,250664,16360
Niue,0,0,0,0,0,0,0,0,0,0,0,0,0,0
Norfolk Island,0,0,0,0,0,0,0,0,0,0,0,0,0,0
North Korea,5870702.18,5607972.166,5501365.326,5374484.424,5196389.536,4093698.178,916446.2181,197112,194856,193372,191342,189776,156500,48024
Northern Cyprus,26020.99502,21835.57231,20025.28849,15228.7591,12307.27553,7631.233597,2870.951446,292,264,250,240,223,165,78
Northern Mariana Islands,0,0,0,0,0,0,0,0,0,0,0,0,0,0
Norway,12814179.13,12248938.7,12155487.72,11977754.21,11739520.81,9807526.094,6246633.116,526279,525273,524929,524484,523966,515241,467548
Oman,1225.618422,185.7085353,12.74767396,2.350356043,0.35978744,0.290549983,0.069278618,9,1,0,0,0,0,0
Pakistan,1629948.876,1291321.882,1222965.43,1074605.365,978655.9536,666940.2476,334857.674,9563,9433,9353,9297,9268,8172,4616
Palau,42196.63031,41860.47971,41642.19557,41527.22263,41263.38893,40143.00046,37422.4369,649,648,647,646,645,638,598
Palestina,1652.328917,1257.147597,1134.060673,732.2528456,614.701285,272.7589124,72.85655634,35,26,22,17,16,8,1
Panama,5942133.707,5871667.382,5807149.794,5763631.284,5700499.758,5454716.707,4969309.435,324030,323340,322585,322073,321290,313779,283947
Papua New Guinea,43708040.79,43427170.42,43288480.7,43157489.75,42938236.99,41992853.96,39663962.83,1166901,1165447,1164263,1163453,1162026,1152041,1094288
Paracel Islands,0,0,0,0,0,0,0,0,0,0,0,0,0,0
Paraguay,26916419.19,26450845.3,25774238.58,25009614.5,24296866.78,13995685.57,7547196.827,5191644,5175175,5154941,5137578,5099895,3068031,1616707
Peru,79062782.21,78702682.52,78435701.01,78234343.11,78069281.28,76814349.41,74458759.82,2376347,2374509,2372552,2371123,2369321,2349998,2298523
Philippines,19798521.59,19384343.84,19165121,18993927.57,18599416.52,17415156.34,14110099.63,993368,988121,985079,983417,976330,956438,843660
Pitcairn Islands,0,0,0,0,0,0,0,0,0,0,0,0,0,0
Poland,11186380.9,10911255.76,10782026.9,10651548.11,10461916.81,9550501.827,6485773.327,809397,806163,804545,803519,802172,776017,625139
Portugal,3006360.138,2755905.487,2601288.135,2462945.766,2302478.37,1589975.68,914493.7705,788096,762807,745851,734652,718958,569571,359496
Puerto Rico,561250.098,547087.5007,538424.4988,531710.5769,523696.3361,491958.9694,438136.5758,16549,16378,16252,16160,16046,15144,12778
Qatar,0,0,0,0,0,0,0,0,0,0,0,0,0,0
Republic of Congo,33515797.65,32477965.45,29285884.27,28568094.43,26384045.99,23941471.92,21417400.22,617139,614530,601400,598032,585669,535364,361298
Reunion,203273.4812,199755.9657,183763.8129,180346.3607,170474.5251,131489.0408,74205.59236,6275,6232,6020,5955,5712,4260,1626
Romania,8499167.926,8307314.1,8201225.063,8096149.57,7915160.707,7383117.756,6284182.877,299696,299184,298920,298614,298196,294440,277652
Russia,883847532.5,824066298.9,810020070.8,786058987.6,761227258.9,601268646.5,330492648.6,54178296,52150763,51504358,50558842,49511623,39921294,23997078
Rwanda,2052510.578,1577224.853,762369.3378,706151.2287,499795.6193,205932.0629,88763.00881,35923,34582,29313,28489,24977,14356,4025
Saint Helena,0,0,0,0,0,0,0,0,0,0,0,0,0,0
Saint Kitts and Nevis,14378.62859,13988.38594,13755.09553,13556.292,13259.95375,12369.33079,10740.46254,299,296,295,294,291,277,250
Saint Lucia,52516.1327,51886.32698,51472.49927,51132.96929,50731.18582,49236.10367,45141.79558,840,838,836,835,833,822,776
Saint Pierre and Miquelon,6065.65972,5799.480039,5688.471537,5579.140544,5454.071972,4145.851516,1144.669841,6,6,5,5,5,5,1
Saint Vincent and the Grenadines,30910.5183,30067.20885,29661.50291,29370.60038,29110.61416,27792.75112,23298.25696,336,334,332,332,331,323,292
Saint-Barthélemy,787.3873845,723.5440901,688.2869744,657.7209799,621.9506204,484.3663076,307.6390984,2,2,2,2,1,1,1
Saint-Martin,2048.974132,1979.188687,1936.497456,1898.345855,1849.577093,1680.862475,1388.612586,44,43,43,43,43,39,34
Samoa,0,0,0,0,0,0,0,0,0,0,0,0,0,0
San Marino,1105.016228,1053.826473,1007.486683,928.914709,829.5404327,595.8860763,263.1170745,4,4,3,3,3,2,1
Saudi Arabia,31.76162623,13.84074246,6.807712392,6.807712392,6.807712392,6.734543925,0,3,3,0,0,0,0,0
Senegal,4785217.724,2403981.788,289082.9441,173408.2943,39568.36254,2065.261171,51.89120593,110199,55668,9493,6843,2737,393,28
Serbia,3026388.05,2943411.828,2901863.134,2839063.558,2730300.524,2504393.286,1918038.327,41773,41644,41560,41457,41308,40396,36480
Seychelles,12615.20034,10853.94892,8052.799018,7045.870464,6209.624619,2881.536064,300.7837107,7,6,6,5,5,3,1
Sierra Leone,7137726.105,7022355.255,6185242.277,6073502.6,5617878.286,3589286.635,242581.7234,982776,982182,974330,972044,957080,739231,58111
Singapore,21827.5884,20370.89606,19965.19368,19389.20791,18784.231,16768.86963,11502.59392,1456,1433,1413,1403,1383,1273,873
Sint Maarten,1138.784858,1097.255216,1069.495471,1049.353284,1022.179782,913.4842878,716.3847839,29,28,28,27,27,22,13
Slovakia,2490391.328,2457152.762,2439301.072,2422570.216,2396813.716,2298098.524,2016710.111,169068,168897,168781,168707,168606,167069,157303
Slovenia,1341918.018,1323655.098,1316304.001,1308308.929,1293520.847,1247111.03,1116634.591,28638,28581,28550,28517,28475,28030,25936
Solomon Islands,2750154.6,2747026.819,2745124.466,2743968.035,2741618.244,2731814.828,2687664.331,124105,124052,123999,123971,123919,123666,121994
Somalia,3886022.002,1331603.22,174485.8774,134815.6885,87128.07478,15648.49914,1089.598444,12995,9829,4804,4242,3239,1202,133
South Africa,22212926.33,13481072.11,7708859.518,7121247.445,5983115.079,3163002.03,1082118.828,1453832,1382849,1264078,1239709,1181865,991062,524192
South Georgia and the South Sandwich Islands,0,0,0,0,0,0,0,0,0,0,0,0,0,0
South Korea,5777472.332,5648188.546,5578721.621,5496376.301,5367962.287,4518887.048,1669621.397,197505,195106,192438,189555,187681,155482,60829
South Sudan,42723057.68,32580402.63,18660866.89,16943783.07,11379433.69,4105782.318,177342.8656,196042,178462,137519,129726,109245,56943,10018
Spain,14325895.55,13060535.23,12477409.04,11746668.78,11018923.24,8099431.321,5246615.575,1014617,986426,971801,960413,941936,783822,513410
Spratly islands,0,0,0,0,0,0,0,0,0,0,0,0,0,0
Sri Lanka,4241161.489,4168255.614,4117764.775,4041272.611,3939922.569,3546041.466,2617454.481,146244,144649,143244,142065,140657,128155,83056
Sudan,4288705.13,1180823.363,324508.5299,246793.6907,72712.48416,1170.977676,0.60712182,6567,3949,1703,1444,871,76,1
Suriname,13982210.15,13972087.33,13964162.36,13955326.05,13949809.34,13913266.53,13856534.47,129039,128965,128879,128793,128740,128058,126562
Svalbard and Jan Mayen,0,0,0,0,0,0,0,0,0,0,0,0,0,0
Swaziland,1461241.764,1075602.912,648050.1308,597253.8668,469227.4579,199649.7101,60239.79367,100964,98442,91779,90567,86246,75620,47766
Sweden,29457027.59,28729575.4,28562850.7,28277926.2,27883713.39,24023217.59,15424344.5,3554343,3547628,3544660,3542882,3540312,3482384,3111710
Switzerland,1650477.62,1602590.121,1586835.91,1569914.184,1544417.501,1445309.307,1134281.287,27316,27259,27232,27203,27170,26735,24245
Syria,147267.2367,132121.9185,124772.5361,114055.6869,105939.8693,82137.82918,45521.73351,18080,17798,17513,16906,16454,14436,9867
São Tomé and Príncipe,15406.85007,15156.36553,14527.48852,14452.1046,14213.57471,13222.74045,10744.33055,79,79,77,77,77,77,76
Taiwan,2432186.915,2398948.771,2383194.278,2367163.763,2342175.768,2249934.971,2010532.468,33113,32950,32842,32739,32603,31573,27634
Tajikistan,172579.4153,116312.785,99250.67875,70016.46232,60256.64849,19343.41685,6244.944784,388,367,351,342,338,236,102
Tanzania,65243637.51,54840594.32,36452809.57,34056749.76,26406464.1,9700637.215,1231553.942,3022182,2867184,2378793,2304329,1999704,1019386,162798
Thailand,21919487.35,21200980.17,20870274.7,20556805.1,19962441.91,17966880.42,11044470.96,1695879,1660764,1639718,1621343,1595690,1446077,950705
Timor-Leste,843884.2557,818647.7554,800012.7552,763456.4559,726088.2491,616792.5051,429715.8532,23598,23420,23275,23031,22802,21532,18102
Togo,4307897.288,2852456.199,907847.2538,808158.0889,558803.4372,127367.553,453.5569327,115804,101983,60107,53485,36693,7216,201
Tokelau,0,0,0,0,0,0,0,0,0,0,0,0,0,0
Tonga,0,0,0,0,0,0,0,0,0,0,0,0,0,0
Trinidad and Tobago,401487.1891,398363.7563,396147.6243,394273.77,391844.2062,383107.9302,366322.2831,19723,19692,19658,19630,19599,19307,18178
Tunisia,286473.8164,257227.8737,249251.6116,235264.56,223827.4337,178455.1025,107287.3264,18511,17869,17548,17176,16934,14456,9644
Turkey,12908989.71,11968318.29,11557657.4,10668297.86,10060828,8214009.59,5909722.528,439042,421522,412080,400472,391273,322068,222485
Turkmenistan,31528.08507,19101.94934,14626.00683,12774.25173,10176.93569,5850.532227,2508.654927,551,529,495,486,471,310,204
Turks and Caicos Islands,15274.80254,13598.51293,12833.42097,11728.15578,10851.31188,8652.919366,5862.514222,488,477,466,457,443,340,169
Tuvalu,0,0,0,0,0,0,0,0,0,0,0,0,0,0
Uganda,18365552.92,15972162.7,10694678.6,9979869.571,7769701.21,3272797.176,849108.2867,649147,642690,611744,605252,577720,443912,209863
Ukraine,13150623.48,12463737.48,12056358.86,11637713.17,11125320.79,9683764.886,6850223.02,809943,803792,801759,799919,797308,758539,591495
United Arab Emirates,1.460784944,0,0,0,0,0,0,0,0,0,0,0,0,0
United Kingdom,4504218.699,4084209.612,3954603.662,3844721.353,3695717.959,2962429.218,1519679.936,386007,383601,382777,381379,380010,358959,287686
United States,314964844.2,303021225,293871016.6,287035386.1,279376624.2,244567017.7,198290232.7,34738766,34501110,34252177,34041374,33754765,31250344,26944783
United States Minor Outlying Islands,165.0491134,158.2512183,154.1578696,150.649315,145.8981168,122.2883016,100.0672375,105,105,105,104,104,99,90
Uruguay,1875646.729,1832830.126,1776833.362,1744684.946,1697322.229,1387982.738,852003.3214,311196,309617,307684,306472,304968,288247,223659
Uzbekistan,256004.6564,175829.0517,155916.818,122796.7978,106176.3157,51377.97481,20471.32653,1278,1217,1178,1155,1147,860,475
Vanuatu,1186143.561,1185244.249,1183241.306,1182457.112,1181151.326,1161473.253,1098452.065,10741,10736,10713,10705,10690,10315,9080
Vatican City,9.331430859,7.257748772,6.969738341,5.702515369,4.838481852,3.456038088,1.728013712,0,0,0,0,0,0,0
Venezuela,58856143.42,58220338.39,57548170.69,57118790.74,56533525.12,53746319.2,49368334.97,1710192,1699355,1687682,1679219,1666212,1546041,1250685
Vietnam,18172021.15,17562797.25,17264997.19,17010949.26,16576205.46,14782764.33,10695830.6,2242985,2207467,2181032,2161188,2129432,1948167,1388333
"Virgin Islands, U.S.",20386.50121,19884.8113,19621.76169,19353.52816,18997.90728,17846.00534,15810.15614,622,621,620,619,618,603,544
Wallis and Futuna,0,0,0,0,0,0,0,0,0,0,0,0,0,0
Western Sahara,0,0,0,0,0,0,0,0,0,0,0,0,0,0
Yemen,6779.338468,3115.147619,419.6645111,258.2619114,126.1637233,9.800505156,0.449021468,4,1,0,0,0,0,0
Zambia,61144224.26,51039987.31,34095337.87,31614612.63,24087575.54,9196113.862,42893.74636,2143304,2026002,1631995,1561878,1276296,580692,23385
Zimbabwe,18375342.03,8876163.202,2937862.342,2410471.38,1414326.498,293242.2073,79970.7919,474629,383050,233853,215876,164696,86234,35137
Åland,113780.8683,110799.7522,109885.5049,108736.6008,107727.1474,87761.44971,60880.14067,8718,8711,8707,8703,8700,8553,7977
